ClusterLabel,Freq,SaleAmount,ElapsedDays,SaleAmountAvg
0,37.81144781144781,603.4940527497195,20.88888888888889,32.25633526221802
1,79.19552609776305,1506.813033968517,96.00082850041424,102.99821862822303
2,15.052631578947368,298.74815131578947,188.11184210526315,43.338802227138984
3,278.4644495412844,7020.739552752293,13.612385321100918,96.66583630417252
